{
  "features": [
    "temp",
    "humidity",
    "delta_temp",
    "delta_humidity"
  ],
  "min": [
    10.0,
    5.0,
    -34.97,
    -63.67
  ],
  "max": [
    70.0,
    95.0,
    39.44,
    62.41
  ],
  "scale": [
    0.016666666666666666,
    0.011111111111111112,
    0.013439053890606102,
    0.007931472081218274
  ]
}