{
  "features": [
    "temp",
    "humidity",
    "delta_temp",
    "delta_humidity",
    "rolling_mean_temp",
    "rolling_std_temp"
  ],
  "min": [
    15.0,
    5.66,
    -13.84,
    -34.52,
    15.37,
    0.0
  ],
  "max": [
    58.38,
    95.0,
    13.76,
    33.81,
    57.75,
    17.09
  ],
  "scale": [
    0.02305209774089442,
    0.011193194537721066,
    0.036231884057971016,
    0.014634860237084733,
    0.023596035865974516,
    0.058513750731421885
  ]
}